"statistic","value"
"Min.",54.8221206665039
"1st Qu.",66.0851516723633
"Median",71.8117599487305
"Mean",72.219662560357
"3rd Qu.",80.8053894042969
"Max.",86.1016693115234
"NAs",19
